{
  "id": 12,
  "name": "中国平安财产保险集团",
  "info": {
    "member_id": [ "C101200", "C132034", "C145468", "C135974", "C134094", "C180015", "C121001", "C44298", "C110140", "C41313", "C68238", "C12503", "C108164", "C37010", "C142652", "C49108", "C109467", "C13228", "C43528", "C67606", "C485561", "C152366", "C135074", "C150933", "C65744", "C83134", "C141246", "C486059", "C50229" ],
    "member_name": [ "望桥投资有限公司", "中国建设银行股份有限公司深圳市分行", "中华联合财产保险股份有限公司北京分公司", "中国平安财产保险股份有限公司北京分公司", "中铁电化集团北京电信研究试验中心有限公司", "北京金诚国际保险经纪有限公司", "华煜期货经纪有限公司", "邦讯技术股份有限公司", "北京八方达客运有限责任公司", "北京北方出租汽车有限责任公司", "佛山市南海佛广公共汽车有限公司", "湖北宜昌交运集团股份有限公司", "上海海博出租汽车有限公司", "上海祝源企业发展有限公司", "株洲县农村信用合作联社", "北京龙泰物流有限公司", "中国地质工程集团公司", "中国平安财产保险股份有限公司", "北京城市排水集团有限责任公司", "北京市首都公路发展集团有限公司", "阳光财产保险股份有限公司天津市分公司", "中国平安财产保险股份有限公司佛山分公司", "中国平安财产保险股份有限公司上海分公司", "中国平安财产保险股份有限公司韶关中心支公司", "中国平安人寿保险股份有限公司", "中国人民财产保险股份有限公司", "中国人民财产保险股份有限公司佛山市分公司", "中国人民财产保险股份有限公司利津支公司", "中国外运股份有限公司" ],
    "position": [ "soldier", "foreigner", "soldier", "king", "soldier", "soldier", "soldier", "soldier", "soldier", "foreigner", "soldier", "soldier", "soldier", "soldier", "soldier", "knight", "foreigner", "knight", "soldier", "foreigner", "foreigner", "soldier", "soldier", "soldier", "foreigner", "foreigner", "foreigner", "soldier", "foreigner" ]
  },
  "relations": {
    "from": [ "C101200", "C132034", "C145468", "C135974", "C135974", "C135974", "C135974", "C135974", "C134094", "C180015", "C121001", "C44298", "C110140", "C41313", "C68238", "C12503", "C108164", "C37010", "C134094", "C142652", "C49108", "C109467", "C49108", "C121001", "C13228", "C49108", "C49108", "C49108", "C135974", "C13228", "C13228", "C13228", "C13228" ],
    "to": [ "C44298", "C44298", "C110140", "C43528", "C43528", "C49108", "C67606", "C37010", "C485561", "C13228", "C13228", "C135974", "C135974", "C135974", "C135974", "C135974", "C135974", "C135974", "C135974", "C135974", "C152366", "C135074", "C150933", "C65744", "C83134", "C141246", "C486059", "C486059", "C50229", "C135974", "C152366", "C135074", "C150933" ],
    "weight": [   0.02, 0.18367, 0.38776, 0.46939, 0.30612, 0.46939, 0.38776, 0.30612, 0.34694, 0.29592,   0.03, 0.37755, 0.30612, 0.38776, 0.34694, 0.18367, 0.18367, 0.30612, 0.46939, 0.35714, 0.18367,  0.001, 0.18367,   0.03, 0.18367, 0.18367, 0.34694, 0.17347, 0.26531,      1,      1,      1,      1 ],
    "type": [ "STOCK", "CASE", "CASE", "CASE", "CASE", "CASE", "CASE", "CASE", "CASE", "CASE", "STOCK", "CASE", "CASE", "CASE", "CASE", "CASE", "CASE", "CASE", "CASE", "CASE", "CASE", "CASE", "CASE", "STOCK", "CASE", "CASE", "CASE", "CASE", "CASE", "ORG", "ORG", "ORG", "ORG" ]
  }
}
